ID,Name,Country,Comment
1,José Álvarez,España,Comentario con caracteres especiales
2,Miyuki Tanaka,日本,コメントには特殊文字が含まれています
3,José Álvarez,España,Comentario con caracteres especiales
4,Miyuki Tanaka,日本,コメントには特殊文字が含まれています
5,José Álvarez,España,Comentario con caracteres especiales
6,Miyuki Tanaka,日本,コメントには特殊文字が含まれています
7,José Álvarez,España,Comentario con caracteres especiales
8,Miyuki Tanaka,日本,コメントには特殊文字が含まれています
9,José Álvarez,España,Comentario con caracteres especiales
10,Miyuki Tanaka,日本,コメントには特殊文字が含まれています
11,José Álvarez,España,Comentario con caracteres especiales
12,Miyuki Tanaka,日本,コメントには特殊文字が含まれています
13,José Álvarez,España,Comentario con caracteres especiales
14,Miyuki Tanaka,日本,コメントには特殊文字が含まれています
15,José Álvarez,España,Comentario con caracteres especiales
16,Miyuki Tanaka,日本,コメントには特殊文字が含まれています
17,José Álvarez,España,Comentario con caracteres especiales
18,Miyuki Tanaka,日本,コメントには特殊文字が含まれています
19,José Álvarez,España,Comentario con caracteres especiales
20,Miyuki Tanaka,日本,コメントには特殊文字が含まれています
21,José Álvarez,España,Comentario con caracteres especiales
22,Miyuki Tanaka,日本,コメントには特殊文字が含まれています
23,José Álvarez,España,Comentario con caracteres especiales
24,Miyuki Tanaka,日本,コメントには特殊文字が含まれています
25,José Álvarez,España,Comentario con caracteres especiales
26,Miyuki Tanaka,日本,コメントには特殊文字が含まれています
27,José Álvarez,España,Comentario con caracteres especiales
28,Miyuki Tanaka,日本,コメントには特殊文字が含まれています
29,José Álvarez,España,Comentario con caracteres especiales
30,Miyuki Tanaka,日本,コメントには特殊文字が含まれています
31,José Álvarez,España,Comentario con caracteres especiales
32,Miyuki Tanaka,日本,コメントには特殊文字が含まれています
33,José Álvarez,España,Comentario con caracteres especiales
34,Miyuki Tanaka,日本,コメントには特殊文字が含まれています
35,José Álvarez,España,Comentario con caracteres especiales
36,Miyuki Tanaka,日本,コメントには特殊文字が含まれています
37,José Álvarez,España,Comentario con caracteres especiales
38,Miyuki Tanaka,日本,コメントには特殊文字が含まれています
39,José Álvarez,España,Comentario con caracteres especiales
40,Miyuki Tanaka,日本,コメントには特殊文字が含まれています
41,José Álvarez,España,Comentario con caracteres especiales
42,Miyuki Tanaka,日本,コメントには特殊文字が含まれています
43,José Álvarez,España,Comentario con caracteres especiales
44,Miyuki Tanaka,日本,コメントには特殊文字が含まれています
45,José Álvarez,España,Comentario con caracteres especiales
46,Miyuki Tanaka,日本,コメントには特殊文字が含まれています
47,José Álvarez,España,Comentario con caracteres especiales
48,Miyuki Tanaka,日本,コメントには特殊文字が含まれています
49,José Álvarez,España,Comentario con caracteres especiales
50,Miyuki Tanaka,日本,コメントには特殊文字が含まれています
51,José Álvarez,España,Comentario con caracteres especiales
52,Miyuki Tanaka,日本,コメントには特殊文字が含まれています
53,José Álvarez,España,Comentario con caracteres especiales
54,Miyuki Tanaka,日本,コメントには特殊文字が含まれています
55,José Álvarez,España,Comentario con caracteres especiales
56,Miyuki Tanaka,日本,コメントには特殊文字が含まれています
57,José Álvarez,España,Comentario con caracteres especiales
58,Miyuki Tanaka,日本,コメントには特殊文字が含まれています
59,José Álvarez,España,Comentario con caracteres especiales
60,Miyuki Tanaka,日本,コメントには特殊文字が含まれています
61,José Álvarez,España,Comentario con caracteres especiales
62,Miyuki Tanaka,日本,コメントには特殊文字が含まれています
63,José Álvarez,España,Comentario con caracteres especiales
64,Miyuki Tanaka,日本,コメントには特殊文字が含まれています
65,José Álvarez,España,Comentario con caracteres especiales
66,Miyuki Tanaka,日本,コメントには特殊文字が含まれています
67,José Álvarez,España,Comentario con caracteres especiales
68,Miyuki Tanaka,日本,コメントには特殊文字が含まれています
69,José Álvarez,España,Comentario con caracteres especiales
70,Miyuki Tanaka,日本,コメントには特殊文字が含まれています
71,José Álvarez,España,Comentario con caracteres especiales
72,Miyuki Tanaka,日本,コメントには特殊文字が含まれています
73,José Álvarez,España,Comentario con caracteres especiales
74,Miyuki Tanaka,日本,コメントには特殊文字が含まれています
75,José Álvarez,España,Comentario con caracteres especiales
76,Miyuki Tanaka,日本,コメントには特殊文字が含まれています
77,José Álvarez,España,Comentario con caracteres especiales
78,Miyuki Tanaka,日本,コメントには特殊文字が含まれています
79,José Álvarez,España,Comentario con caracteres especiales
80,Miyuki Tanaka,日本,コメントには特殊文字が含まれています
81,José Álvarez,España,Comentario con caracteres especiales
82,Miyuki Tanaka,日本,コメントには特殊文字が含まれています
83,José Álvarez,España,Comentario con caracteres especiales
84,Miyuki Tanaka,日本,コメントには特殊文字が含まれています
85,José Álvarez,España,Comentario con caracteres especiales
86,Miyuki Tanaka,日本,コメントには特殊文字が含まれています
87,José Álvarez,España,Comentario con caracteres especiales
88,Miyuki Tanaka,日本,コメントには特殊文字が含まれています
89,José Álvarez,España,Comentario con caracteres especiales
90,Miyuki Tanaka,日本,コメントには特殊文字が含まれています
91,José Álvarez,España,Comentario con caracteres especiales
92,Miyuki Tanaka,日本,コメントには特殊文字が含まれています
93,José Álvarez,España,Comentario con caracteres especiales
94,Miyuki Tanaka,日本,コメントには特殊文字が含まれています
95,José Álvarez,España,Comentario con caracteres especiales
96,Miyuki Tanaka,日本,コメントには特殊文字が含まれています
97,José Álvarez,España,Comentario con caracteres especiales
98,Miyuki Tanaka,日本,コメントには特殊文字が含まれています
99,José Álvarez,España,Comentario con caracteres especiales
100,Miyuki Tanaka,日本,コメントには特殊文字が含まれています
101,José Álvarez,España,Comentario con caracteres especiales
102,Miyuki Tanaka,日本,コメントには特殊文字が含まれています
103,José Álvarez,España,Comentario con caracteres especiales
104,Miyuki Tanaka,日本,コメントには特殊文字が含まれています
105,José Álvarez,España,Comentario con caracteres especiales
106,Miyuki Tanaka,日本,コメントには特殊文字が含まれています
107,José Álvarez,España,Comentario con caracteres especiales
108,Miyuki Tanaka,日本,コメントには特殊文字が含まれています
109,José Álvarez,España,Comentario con caracteres especiales
110,Miyuki Tanaka,日本,コメントには特殊文字が含まれています
111,José Álvarez,España,Comentario con caracteres especiales
112,Miyuki Tanaka,日本,コメントには特殊文字が含まれています
113,José Álvarez,España,Comentario con caracteres especiales
114,Miyuki Tanaka,日本,コメントには特殊文字が含まれています
115,José Álvarez,España,Comentario con caracteres especiales
116,Miyuki Tanaka,日本,コメントには特殊文字が含まれています
117,José Álvarez,España,Comentario con caracteres especiales
118,Miyuki Tanaka,日本,コメントには特殊文字が含まれています
119,José Álvarez,España,Comentario con caracteres especiales
120,Miyuki Tanaka,日本,コメントには特殊文字が含まれています
121,José Álvarez,España,Comentario con caracteres especiales
122,Miyuki Tanaka,日本,コメントには特殊文字が含まれています
123,José Álvarez,España,Comentario con caracteres especiales
124,Miyuki Tanaka,日本,コメントには特殊文字が含まれています
125,José Álvarez,España,Comentario con caracteres especiales
126,Miyuki Tanaka,日本,コメントには特殊文字が含まれています
127,José Álvarez,España,Comentario con caracteres especiales
128,Miyuki Tanaka,日本,コメントには特殊文字が含まれています
129,José Álvarez,España,Comentario con caracteres especiales
130,Miyuki Tanaka,日本,コメントには特殊文字が含まれています
131,José Álvarez,España,Comentario con caracteres especiales
132,Miyuki Tanaka,日本,コメントには特殊文字が含まれています
133,José Álvarez,España,Comentario con caracteres especiales
134,Miyuki Tanaka,日本,コメントには特殊文字が含まれています
135,José Álvarez,España,Comentario con caracteres especiales
136,Miyuki Tanaka,日本,コメントには特殊文字が含まれています
137,José Álvarez,España,Comentario con caracteres especiales
138,Miyuki Tanaka,日本,コメントには特殊文字が含まれています
139,José Álvarez,España,Comentario con caracteres especiales
140,Miyuki Tanaka,日本,コメントには特殊文字が含まれています
141,José Álvarez,España,Comentario con caracteres especiales
142,Miyuki Tanaka,日本,コメントには特殊文字が含まれています
143,José Álvarez,España,Comentario con caracteres especiales
144,Miyuki Tanaka,日本,コメントには特殊文字が含まれています
145,José Álvarez,España,Comentario con caracteres especiales
146,Miyuki Tanaka,日本,コメントには特殊文字が含まれています
147,José Álvarez,España,Comentario con caracteres especiales
148,Miyuki Tanaka,日本,コメントには特殊文字が含まれています
149,José Álvarez,España,Comentario con caracteres especiales
150,Miyuki Tanaka,日本,コメントには特殊文字が含まれています
151,José Álvarez,España,Comentario con caracteres especiales
152,Miyuki Tanaka,日本,コメントには特殊文字が含まれています
153,José Álvarez,España,Comentario con caracteres especiales
154,Miyuki Tanaka,日本,コメントには特殊文字が含まれています
155,José Álvarez,España,Comentario con caracteres especiales
156,Miyuki Tanaka,日本,コメントには特殊文字が含まれています
157,José Álvarez,España,Comentario con caracteres especiales
158,Miyuki Tanaka,日本,コメントには特殊文字が含まれています
159,José Álvarez,España,Comentario con caracteres especiales
160,Miyuki Tanaka,日本,コメントには特殊文字が含まれています
161,José Álvarez,España,Comentario con caracteres especiales
162,Miyuki Tanaka,日本,コメントには特殊文字が含まれています
163,José Álvarez,España,Comentario con caracteres especiales
164,Miyuki Tanaka,日本,コメントには特殊文字が含まれています
165,José Álvarez,España,Comentario con caracteres especiales
166,Miyuki Tanaka,日本,コメントには特殊文字が含まれています
167,José Álvarez,España,Comentario con caracteres especiales
168,Miyuki Tanaka,日本,コメントには特殊文字が含まれています
169,José Álvarez,España,Comentario con caracteres especiales
170,Miyuki Tanaka,日本,コメントには特殊文字が含まれています
171,José Álvarez,España,Comentario con caracteres especiales
172,Miyuki Tanaka,日本,コメントには特殊文字が含まれています
173,José Álvarez,España,Comentario con caracteres especiales
174,Miyuki Tanaka,日本,コメントには特殊文字が含まれています
175,José Álvarez,España,Comentario con caracteres especiales
176,Miyuki Tanaka,日本,コメントには特殊文字が含まれています
177,José Álvarez,España,Comentario con caracteres especiales
178,Miyuki Tanaka,日本,コメントには特殊文字が含まれています
179,José Álvarez,España,Comentario con caracteres especiales
180,Miyuki Tanaka,日本,コメントには特殊文字が含まれています
181,José Álvarez,España,Comentario con caracteres especiales
182,Miyuki Tanaka,日本,コメントには特殊文字が含まれています
183,José Álvarez,España,Comentario con caracteres especiales
184,Miyuki Tanaka,日本,コメントには特殊文字が含まれています
185,José Álvarez,España,Comentario con caracteres especiales
186,Miyuki Tanaka,日本,コメントには特殊文字が含まれています
187,José Álvarez,España,Comentario con caracteres especiales
188,Miyuki Tanaka,日本,コメントには特殊文字が含まれています
189,José Álvarez,España,Comentario con caracteres especiales
190,Miyuki Tanaka,日本,コメントには特殊文字が含まれています
191,José Álvarez,España,Comentario con caracteres especiales
192,Miyuki Tanaka,日本,コメントには特殊文字が含まれています
193,José Álvarez,España,Comentario con caracteres especiales
194,Miyuki Tanaka,日本,コメントには特殊文字が含まれています
195,José Álvarez,España,Comentario con caracteres especiales
196,Miyuki Tanaka,日本,コメントには特殊文字が含まれています
197,José Álvarez,España,Comentario con caracteres especiales
198,Miyuki Tanaka,日本,コメントには特殊文字が含まれています
199,José Álvarez,España,Comentario con caracteres especiales
200,Miyuki Tanaka,日本,コメントには特殊文字が含まれています
201,José Álvarez,España,Comentario con caracteres especiales
202,Miyuki Tanaka,日本,コメントには特殊文字が含まれています
203,José Álvarez,España,Comentario con caracteres especiales
204,Miyuki Tanaka,日本,コメントには特殊文字が含まれています
205,José Álvarez,España,Comentario con caracteres especiales
206,Miyuki Tanaka,日本,コメントには特殊文字が含まれています
207,José Álvarez,España,Comentario con caracteres especiales
208,Miyuki Tanaka,日本,コメントには特殊文字が含まれています
209,José Álvarez,España,Comentario con caracteres especiales
210,Miyuki Tanaka,日本,コメントには特殊文字が含まれています
211,José Álvarez,España,Comentario con caracteres especiales
212,Miyuki Tanaka,日本,コメントには特殊文字が含まれています
213,José Álvarez,España,Comentario con caracteres especiales
214,Miyuki Tanaka,日本,コメントには特殊文字が含まれています
215,José Álvarez,España,Comentario con caracteres especiales
216,Miyuki Tanaka,日本,コメントには特殊文字が含まれています
217,José Álvarez,España,Comentario con caracteres especiales
218,Miyuki Tanaka,日本,コメントには特殊文字が含まれています
219,José Álvarez,España,Comentario con caracteres especiales
220,Miyuki Tanaka,日本,コメントには特殊文字が含まれています
221,José Álvarez,España,Comentario con caracteres especiales
222,Miyuki Tanaka,日本,コメントには特殊文字が含まれています
223,José Álvarez,España,Comentario con caracteres especiales
224,Miyuki Tanaka,日本,コメントには特殊文字が含まれています
225,José Álvarez,España,Comentario con caracteres especiales
226,Miyuki Tanaka,日本,コメントには特殊文字が含まれています
227,José Álvarez,España,Comentario con caracteres especiales
228,Miyuki Tanaka,日本,コメントには特殊文字が含まれています
229,José Álvarez,España,Comentario con caracteres especiales
230,Miyuki Tanaka,日本,コメントには特殊文字が含まれています
231,José Álvarez,España,Comentario con caracteres especiales
232,Miyuki Tanaka,日本,コメントには特殊文字が含まれています
233,José Álvarez,España,Comentario con caracteres especiales
234,Miyuki Tanaka,日本,コメントには特殊文字が含まれています
235,José Álvarez,España,Comentario con caracteres especiales
236,Miyuki Tanaka,日本,コメントには特殊文字が含まれています
237,José Álvarez,España,Comentario con caracteres especiales
238,Miyuki Tanaka,日本,コメントには特殊文字が含まれています
239,José Álvarez,España,Comentario con caracteres especiales
240,Miyuki Tanaka,日本,コメントには特殊文字が含まれています
241,José Álvarez,España,Comentario con caracteres especiales
242,Miyuki Tanaka,日本,コメントには特殊文字が含まれています
243,José Álvarez,España,Comentario con caracteres especiales
244,Miyuki Tanaka,日本,コメントには特殊文字が含まれています
245,José Álvarez,España,Comentario con caracteres especiales
246,Miyuki Tanaka,日本,コメントには特殊文字が含まれています
247,José Álvarez,España,Comentario con caracteres especiales
248,Miyuki Tanaka,日本,コメントには特殊文字が含まれています
249,José Álvarez,España,Comentario con caracteres especiales
250,Miyuki Tanaka,日本,コメントには特殊文字が含まれています
251,José Álvarez,España,Comentario con caracteres especiales
252,Miyuki Tanaka,日本,コメントには特殊文字が含まれています
253,José Álvarez,España,Comentario con caracteres especiales
254,Miyuki Tanaka,日本,コメントには特殊文字が含まれています
255,José Álvarez,España,Comentario con caracteres especiales
256,Miyuki Tanaka,日本,コメントには特殊文字が含まれています
257,José Álvarez,España,Comentario con caracteres especiales
258,Miyuki Tanaka,日本,コメントには特殊文字が含まれています
259,José Álvarez,España,Comentario con caracteres especiales
260,Miyuki Tanaka,日本,コメントには特殊文字が含まれています
261,José Álvarez,España,Comentario con caracteres especiales
262,Miyuki Tanaka,日本,コメントには特殊文字が含まれています
263,José Álvarez,España,Comentario con caracteres especiales
264,Miyuki Tanaka,日本,コメントには特殊文字が含まれています
265,José Álvarez,España,Comentario con caracteres especiales
266,Miyuki Tanaka,日本,コメントには特殊文字が含まれています
267,José Álvarez,España,Comentario con caracteres especiales
268,Miyuki Tanaka,日本,コメントには特殊文字が含まれています
269,José Álvarez,España,Comentario con caracteres especiales
270,Miyuki Tanaka,日本,コメントには特殊文字が含まれています
271,José Álvarez,España,Comentario con caracteres especiales
272,Miyuki Tanaka,日本,コメントには特殊文字が含まれています
273,José Álvarez,España,Comentario con caracteres especiales
274,Miyuki Tanaka,日本,コメントには特殊文字が含まれています
275,José Álvarez,España,Comentario con caracteres especiales
276,Miyuki Tanaka,日本,コメントには特殊文字が含まれています
277,José Álvarez,España,Comentario con caracteres especiales
278,Miyuki Tanaka,日本,コメントには特殊文字が含まれています
279,José Álvarez,España,Comentario con caracteres especiales
280,Miyuki Tanaka,日本,コメントには特殊文字が含まれています
281,José Álvarez,España,Comentario con caracteres especiales
282,Miyuki Tanaka,日本,コメントには特殊文字が含まれています
283,José Álvarez,España,Comentario con caracteres especiales
284,Miyuki Tanaka,日本,コメントには特殊文字が含まれています
285,José Álvarez,España,Comentario con caracteres especiales
286,Miyuki Tanaka,日本,コメントには特殊文字が含まれています
287,José Álvarez,España,Comentario con caracteres especiales
288,Miyuki Tanaka,日本,コメントには特殊文字が含まれています
289,José Álvarez,España,Comentario con caracteres especiales
290,Miyuki Tanaka,日本,コメントには特殊文字が含まれています
291,José Álvarez,España,Comentario con caracteres especiales
292,Miyuki Tanaka,日本,コメントには特殊文字が含まれています
293,José Álvarez,España,Comentario con caracteres especiales
294,Miyuki Tanaka,日本,コメントには特殊文字が含まれています
295,José Álvarez,España,Comentario con caracteres especiales
296,Miyuki Tanaka,日本,コメントには特殊文字が含まれています
297,José Álvarez,España,Comentario con caracteres especiales
298,Miyuki Tanaka,日本,コメントには特殊文字が含まれています
299,José Álvarez,España,Comentario con caracteres especiales
300,Miyuki Tanaka,日本,コメントには特殊文字が含まれています
